HOURBEGINNING_TIME,JCPL
18-DEC-2021 07:00:00,$30.85
18-DEC-2021 06:00:00,$26.21
18-DEC-2021 05:00:00,$28.47
18-DEC-2021 04:00:00,$26.34
18-DEC-2021 03:00:00,$25.53
18-DEC-2021 02:00:00,$24.88
18-DEC-2021 01:00:00,$25.65
18-DEC-2021 00:00:00,$35.84
17-DEC-2021 23:00:00,$31.36
17-DEC-2021 22:00:00,$63.51
17-DEC-2021 21:00:00,$35.62
17-DEC-2021 20:00:00,$40.26
17-DEC-2021 19:00:00,$46.91
17-DEC-2021 18:00:00,$38.99
17-DEC-2021 17:00:00,$39.14
17-DEC-2021 16:00:00,$43.04
17-DEC-2021 15:00:00,$24.93
17-DEC-2021 14:00:00,$34.47
17-DEC-2021 13:00:00,$27.07
17-DEC-2021 12:00:00,$32.25
17-DEC-2021 11:00:00,$25.17
17-DEC-2021 10:00:00,$36.13
17-DEC-2021 09:00:00,$40.85
17-DEC-2021 08:00:00,$42.55
17-DEC-2021 07:00:00,$59.64
17-DEC-2021 06:00:00,$28.40
17-DEC-2021 05:00:00,$34.21
17-DEC-2021 04:00:00,$25.83
17-DEC-2021 03:00:00,$34.48
17-DEC-2021 02:00:00,$28.06
17-DEC-2021 01:00:00,$31.69
17-DEC-2021 00:00:00,$33.48
16-DEC-2021 23:00:00,$24.60
16-DEC-2021 22:00:00,$24.14
16-DEC-2021 21:00:00,$29.60
16-DEC-2021 20:00:00,$79.03
16-DEC-2021 19:00:00,$38.09
16-DEC-2021 18:00:00,$40.10
16-DEC-2021 17:00:00,$63.60
16-DEC-2021 16:00:00,$42.76
16-DEC-2021 15:00:00,$26.23
16-DEC-2021 14:00:00,$25.30
16-DEC-2021 13:00:00,$24.42
16-DEC-2021 12:00:00,$27.46
16-DEC-2021 11:00:00,$25.28
16-DEC-2021 10:00:00,$25.35
16-DEC-2021 09:00:00,$24.29
16-DEC-2021 08:00:00,$32.43
16-DEC-2021 07:00:00,$27.21
16-DEC-2021 06:00:00,$23.87
16-DEC-2021 05:00:00,$19.88
16-DEC-2021 04:00:00,$15.58
16-DEC-2021 03:00:00,$14.09
16-DEC-2021 02:00:00,$16.01
16-DEC-2021 01:00:00,$15.49
16-DEC-2021 00:00:00,$21.17
15-DEC-2021 23:00:00,$20.57
15-DEC-2021 22:00:00,$23.62
15-DEC-2021 21:00:00,$27.94
15-DEC-2021 20:00:00,$32.98
15-DEC-2021 19:00:00,$33.21
15-DEC-2021 18:00:00,$31.63
15-DEC-2021 17:00:00,$33.98
15-DEC-2021 16:00:00,$31.15
15-DEC-2021 15:00:00,$27.00
15-DEC-2021 14:00:00,$25.98
15-DEC-2021 13:00:00,$27.55
15-DEC-2021 12:00:00,$27.95
15-DEC-2021 11:00:00,$28.33
15-DEC-2021 10:00:00,$28.91
15-DEC-2021 09:00:00,$27.28
15-DEC-2021 08:00:00,$27.58
15-DEC-2021 07:00:00,$28.10
15-DEC-2021 06:00:00,$27.07
15-DEC-2021 05:00:00,$25.52
15-DEC-2021 04:00:00,$31.28
15-DEC-2021 03:00:00,$27.12
15-DEC-2021 02:00:00,$27.13
15-DEC-2021 01:00:00,$29.10
15-DEC-2021 00:00:00,$26.10
14-DEC-2021 23:00:00,$25.05
14-DEC-2021 22:00:00,$26.57
14-DEC-2021 21:00:00,$32.06
14-DEC-2021 20:00:00,$38.87
14-DEC-2021 19:00:00,$34.62
14-DEC-2021 18:00:00,$31.67
14-DEC-2021 17:00:00,$33.35
14-DEC-2021 16:00:00,$27.71
14-DEC-2021 15:00:00,$28.75
14-DEC-2021 14:00:00,$26.90
14-DEC-2021 13:00:00,$25.40
14-DEC-2021 12:00:00,$26.70
14-DEC-2021 11:00:00,$26.76
14-DEC-2021 10:00:00,$27.81
14-DEC-2021 09:00:00,$28.30
14-DEC-2021 08:00:00,$34.71
14-DEC-2021 07:00:00,$25.68
14-DEC-2021 06:00:00,$37.00
14-DEC-2021 05:00:00,$26.06
14-DEC-2021 04:00:00,$26.05
14-DEC-2021 03:00:00,$26.23
14-DEC-2021 02:00:00,$21.21
14-DEC-2021 01:00:00,$22.11
14-DEC-2021 00:00:00,$27.72
13-DEC-2021 23:00:00,$41.78
13-DEC-2021 22:00:00,$23.12
13-DEC-2021 21:00:00,$31.23
13-DEC-2021 20:00:00,$25.74
13-DEC-2021 19:00:00,$32.05
13-DEC-2021 18:00:00,$52.38
13-DEC-2021 17:00:00,$53.86
13-DEC-2021 16:00:00,$39.97
13-DEC-2021 15:00:00,$30.92
13-DEC-2021 14:00:00,$27.43
13-DEC-2021 13:00:00,$29.37
13-DEC-2021 12:00:00,$29.86
13-DEC-2021 11:00:00,$32.58
13-DEC-2021 10:00:00,$44.27
13-DEC-2021 09:00:00,$31.50
13-DEC-2021 08:00:00,$43.19
13-DEC-2021 07:00:00,$39.60
13-DEC-2021 06:00:00,$36.33
13-DEC-2021 05:00:00,$4.31
13-DEC-2021 04:00:00,$10.02
13-DEC-2021 03:00:00,$20.40
13-DEC-2021 02:00:00,$24.67
13-DEC-2021 01:00:00,$22.33
13-DEC-2021 00:00:00,$24.82
12-DEC-2021 23:00:00,$25.23
12-DEC-2021 22:00:00,$29.59
12-DEC-2021 21:00:00,$48.65
12-DEC-2021 20:00:00,$24.86
12-DEC-2021 19:00:00,$27.77
12-DEC-2021 18:00:00,$39.76
12-DEC-2021 17:00:00,$25.57
12-DEC-2021 16:00:00,$18.07
12-DEC-2021 15:00:00,$16.69
12-DEC-2021 14:00:00,$16.83
12-DEC-2021 13:00:00,$16.45
12-DEC-2021 12:00:00,$15.88
12-DEC-2021 11:00:00,$16.47
12-DEC-2021 10:00:00,$16.02
12-DEC-2021 09:00:00,$16.65
12-DEC-2021 08:00:00,$19.88
12-DEC-2021 07:00:00,$20.18
12-DEC-2021 06:00:00,$19.62
12-DEC-2021 05:00:00,$20.12
12-DEC-2021 04:00:00,$21.24
12-DEC-2021 03:00:00,$20.68
12-DEC-2021 02:00:00,$20.52
12-DEC-2021 01:00:00,$20.93
12-DEC-2021 00:00:00,$23.61
11-DEC-2021 23:00:00,$20.24
11-DEC-2021 22:00:00,$18.82
11-DEC-2021 21:00:00,$19.09
11-DEC-2021 20:00:00,$18.63
11-DEC-2021 19:00:00,$16.99
11-DEC-2021 18:00:00,$18.41
11-DEC-2021 17:00:00,$25.03
11-DEC-2021 16:00:00,$24.37
11-DEC-2021 15:00:00,$23.01
11-DEC-2021 14:00:00,$26.18
11-DEC-2021 13:00:00,$25.20
11-DEC-2021 12:00:00,$28.31
11-DEC-2021 11:00:00,$30.18
11-DEC-2021 10:00:00,$33.73
11-DEC-2021 09:00:00,$34.51
11-DEC-2021 08:00:00,$28.56
11-DEC-2021 07:00:00,$22.76
11-DEC-2021 06:00:00,$20.81
11-DEC-2021 05:00:00,$17.20
11-DEC-2021 04:00:00,$14.88
11-DEC-2021 03:00:00,$19.39
11-DEC-2021 02:00:00,$19.50
11-DEC-2021 01:00:00,$20.79
11-DEC-2021 00:00:00,$21.39
10-DEC-2021 23:00:00,$22.74
10-DEC-2021 22:00:00,$25.92
10-DEC-2021 21:00:00,$26.19
10-DEC-2021 20:00:00,$26.45
10-DEC-2021 19:00:00,$27.96
10-DEC-2021 18:00:00,$31.85
10-DEC-2021 17:00:00,$55.17
10-DEC-2021 16:00:00,$32.11
10-DEC-2021 15:00:00,$22.22
10-DEC-2021 14:00:00,$24.74
10-DEC-2021 13:00:00,$33.14
10-DEC-2021 12:00:00,$36.20
10-DEC-2021 11:00:00,$38.48
10-DEC-2021 10:00:00,$54.81
10-DEC-2021 09:00:00,$56.09
10-DEC-2021 08:00:00,$70.80
10-DEC-2021 07:00:00,$47.77
10-DEC-2021 06:00:00,$30.57
10-DEC-2021 05:00:00,$27.16
10-DEC-2021 04:00:00,$30.06
10-DEC-2021 03:00:00,$27.59
10-DEC-2021 02:00:00,$28.16
10-DEC-2021 01:00:00,$34.10
10-DEC-2021 00:00:00,$41.59
09-DEC-2021 23:00:00,$33.68
09-DEC-2021 22:00:00,$29.58
09-DEC-2021 21:00:00,$40.91
09-DEC-2021 20:00:00,$36.10
09-DEC-2021 19:00:00,$40.48
09-DEC-2021 18:00:00,$44.69
09-DEC-2021 17:00:00,$43.26
09-DEC-2021 16:00:00,$36.07
09-DEC-2021 15:00:00,$36.97
09-DEC-2021 14:00:00,$42.31
09-DEC-2021 13:00:00,$40.22
09-DEC-2021 12:00:00,$53.88
09-DEC-2021 11:00:00,$33.92
09-DEC-2021 10:00:00,$34.76
09-DEC-2021 09:00:00,$41.00
09-DEC-2021 08:00:00,$45.89
09-DEC-2021 07:00:00,$49.86
09-DEC-2021 06:00:00,$106.34
09-DEC-2021 05:00:00,$39.49
09-DEC-2021 04:00:00,$38.91
09-DEC-2021 03:00:00,$36.30
09-DEC-2021 02:00:00,$35.14
09-DEC-2021 01:00:00,$34.84
09-DEC-2021 00:00:00,$51.45
08-DEC-2021 23:00:00,$47.41
08-DEC-2021 22:00:00,$47.50
08-DEC-2021 21:00:00,$44.64
08-DEC-2021 20:00:00,$44.78
08-DEC-2021 19:00:00,$37.78
08-DEC-2021 18:00:00,$42.86
08-DEC-2021 17:00:00,$100.43
08-DEC-2021 16:00:00,$39.42
08-DEC-2021 15:00:00,$40.08
08-DEC-2021 14:00:00,$37.09
08-DEC-2021 13:00:00,$36.94
08-DEC-2021 12:00:00,$34.85
08-DEC-2021 11:00:00,$35.61
08-DEC-2021 10:00:00,$46.56
08-DEC-2021 09:00:00,$429.12
08-DEC-2021 08:00:00,$20.27
08-DEC-2021 07:00:00,$62.78
08-DEC-2021 06:00:00,$64.19
08-DEC-2021 05:00:00,$29.88
08-DEC-2021 04:00:00,$26.98
08-DEC-2021 03:00:00,$28.19
08-DEC-2021 02:00:00,$33.76
08-DEC-2021 01:00:00,$34.30
08-DEC-2021 00:00:00,$35.18
07-DEC-2021 23:00:00,$33.98
07-DEC-2021 22:00:00,$43.15
07-DEC-2021 21:00:00,$78.53
07-DEC-2021 20:00:00,$40.53
07-DEC-2021 19:00:00,$63.62
07-DEC-2021 18:00:00,$88.60
07-DEC-2021 17:00:00,$168.74
07-DEC-2021 16:00:00,$74.52
07-DEC-2021 15:00:00,$90.52
07-DEC-2021 14:00:00,$34.78
07-DEC-2021 13:00:00,$38.59
07-DEC-2021 12:00:00,$37.22
07-DEC-2021 11:00:00,$30.55
07-DEC-2021 10:00:00,$60.71
07-DEC-2021 09:00:00,$38.48
07-DEC-2021 08:00:00,$56.99
07-DEC-2021 07:00:00,$48.61
07-DEC-2021 06:00:00,$37.97
07-DEC-2021 05:00:00,$25.96
07-DEC-2021 04:00:00,$22.72
07-DEC-2021 03:00:00,$9.63
07-DEC-2021 02:00:00,$14.71
07-DEC-2021 01:00:00,$7.12
07-DEC-2021 00:00:00,$13.32
06-DEC-2021 23:00:00,$27.43
06-DEC-2021 22:00:00,$27.36
06-DEC-2021 21:00:00,$25.02
06-DEC-2021 20:00:00,$27.65
06-DEC-2021 19:00:00,$27.59
06-DEC-2021 18:00:00,$29.98
06-DEC-2021 17:00:00,$68.09
06-DEC-2021 16:00:00,$36.26
06-DEC-2021 15:00:00,$29.63
06-DEC-2021 14:00:00,$30.64
06-DEC-2021 13:00:00,$32.54
06-DEC-2021 12:00:00,$30.89
06-DEC-2021 11:00:00,$33.48
06-DEC-2021 10:00:00,$35.43
06-DEC-2021 09:00:00,$32.32
06-DEC-2021 08:00:00,$32.64
06-DEC-2021 07:00:00,$28.66
06-DEC-2021 06:00:00,$35.65
06-DEC-2021 05:00:00,$23.02
06-DEC-2021 04:00:00,$21.44
06-DEC-2021 03:00:00,$9.73
06-DEC-2021 02:00:00,$.23
06-DEC-2021 01:00:00,$23.93
06-DEC-2021 00:00:00,$23.78
05-DEC-2021 23:00:00,$25.45
05-DEC-2021 22:00:00,$26.57
05-DEC-2021 21:00:00,$27.19
05-DEC-2021 20:00:00,$28.27
05-DEC-2021 19:00:00,$30.83
05-DEC-2021 18:00:00,$34.46
05-DEC-2021 17:00:00,$36.57
05-DEC-2021 16:00:00,$31.49
05-DEC-2021 15:00:00,$29.69
05-DEC-2021 14:00:00,$29.85
05-DEC-2021 13:00:00,$31.83
05-DEC-2021 12:00:00,$28.13
05-DEC-2021 11:00:00,$26.93
05-DEC-2021 10:00:00,$27.01
05-DEC-2021 09:00:00,$26.25
05-DEC-2021 08:00:00,$31.50
05-DEC-2021 07:00:00,$29.32
05-DEC-2021 06:00:00,$29.16
05-DEC-2021 05:00:00,$27.21
05-DEC-2021 04:00:00,$28.09
05-DEC-2021 03:00:00,$31.60
05-DEC-2021 02:00:00,$31.91
05-DEC-2021 01:00:00,$28.26
05-DEC-2021 00:00:00,$31.12
04-DEC-2021 23:00:00,$39.02
04-DEC-2021 22:00:00,$43.20
04-DEC-2021 21:00:00,$34.00
04-DEC-2021 20:00:00,$29.17
04-DEC-2021 19:00:00,$28.88
04-DEC-2021 18:00:00,$32.96
04-DEC-2021 17:00:00,$52.01
04-DEC-2021 16:00:00,$71.48
04-DEC-2021 15:00:00,$31.64
04-DEC-2021 14:00:00,$30.66
04-DEC-2021 13:00:00,$29.30
04-DEC-2021 12:00:00,$31.36
04-DEC-2021 11:00:00,$27.41
04-DEC-2021 10:00:00,$30.44
04-DEC-2021 09:00:00,$33.41
04-DEC-2021 08:00:00,$46.35
04-DEC-2021 07:00:00,$47.04
04-DEC-2021 06:00:00,$35.01
04-DEC-2021 05:00:00,$55.39
04-DEC-2021 04:00:00,$40.85
04-DEC-2021 03:00:00,$37.66
04-DEC-2021 02:00:00,$35.33
04-DEC-2021 01:00:00,$37.73
04-DEC-2021 00:00:00,$36.05
03-DEC-2021 23:00:00,$32.08
03-DEC-2021 22:00:00,$35.44
03-DEC-2021 21:00:00,$36.11
03-DEC-2021 20:00:00,$39.91
03-DEC-2021 19:00:00,$39.67
03-DEC-2021 18:00:00,$44.50
03-DEC-2021 17:00:00,$50.68
03-DEC-2021 16:00:00,$45.94
03-DEC-2021 15:00:00,$39.82
03-DEC-2021 14:00:00,$39.56
03-DEC-2021 13:00:00,$35.44
03-DEC-2021 12:00:00,$33.97
03-DEC-2021 11:00:00,$40.58
03-DEC-2021 10:00:00,$40.25
03-DEC-2021 09:00:00,$33.19
03-DEC-2021 08:00:00,$34.41
03-DEC-2021 07:00:00,$34.57
03-DEC-2021 06:00:00,$41.75
03-DEC-2021 05:00:00,$32.79
03-DEC-2021 04:00:00,$29.08
03-DEC-2021 03:00:00,$27.19
03-DEC-2021 02:00:00,$27.41
03-DEC-2021 01:00:00,$29.90
03-DEC-2021 00:00:00,$29.94
02-DEC-2021 23:00:00,$28.25
02-DEC-2021 22:00:00,$30.51
02-DEC-2021 21:00:00,$42.86
02-DEC-2021 20:00:00,$38.77
02-DEC-2021 19:00:00,$31.51
02-DEC-2021 18:00:00,$38.54
02-DEC-2021 17:00:00,$39.55
02-DEC-2021 16:00:00,$66.67
02-DEC-2021 15:00:00,$30.59
02-DEC-2021 14:00:00,$34.73
02-DEC-2021 13:00:00,$30.14
02-DEC-2021 12:00:00,$32.92
02-DEC-2021 11:00:00,$30.99
02-DEC-2021 10:00:00,$30.65
02-DEC-2021 09:00:00,$31.14
02-DEC-2021 08:00:00,$30.08
02-DEC-2021 07:00:00,$33.08
02-DEC-2021 06:00:00,$27.42
02-DEC-2021 05:00:00,$28.68
02-DEC-2021 04:00:00,$28.23
02-DEC-2021 03:00:00,$28.04
02-DEC-2021 02:00:00,$28.22
02-DEC-2021 01:00:00,$28.43
02-DEC-2021 00:00:00,$28.95
01-DEC-2021 23:00:00,$28.75
01-DEC-2021 22:00:00,$31.04
01-DEC-2021 21:00:00,$33.17
01-DEC-2021 20:00:00,$36.79
01-DEC-2021 19:00:00,$41.53
01-DEC-2021 18:00:00,$49.44
01-DEC-2021 17:00:00,$51.46
01-DEC-2021 16:00:00,$59.17
01-DEC-2021 15:00:00,$41.82
01-DEC-2021 14:00:00,$45.79
01-DEC-2021 13:00:00,$43.98
01-DEC-2021 12:00:00,$42.54
01-DEC-2021 11:00:00,$48.51
01-DEC-2021 10:00:00,$44.58
01-DEC-2021 09:00:00,$46.93
01-DEC-2021 08:00:00,$44.97
01-DEC-2021 07:00:00,$49.48
01-DEC-2021 06:00:00,$42.88
01-DEC-2021 05:00:00,$39.65
01-DEC-2021 04:00:00,$49.24
01-DEC-2021 03:00:00,$38.94
01-DEC-2021 02:00:00,$36.11
01-DEC-2021 01:00:00,$38.07
01-DEC-2021 00:00:00,$43.80
30-NOV-2021 23:00:00,$40.03
30-NOV-2021 22:00:00,$51.55
30-NOV-2021 21:00:00,$49.41
30-NOV-2021 20:00:00,$67.85
30-NOV-2021 19:00:00,$71.60
30-NOV-2021 18:00:00,$96.90
30-NOV-2021 17:00:00,$96.23
30-NOV-2021 16:00:00,$64.80
30-NOV-2021 15:00:00,$50.06
30-NOV-2021 14:00:00,$46.10
30-NOV-2021 13:00:00,$53.54
30-NOV-2021 12:00:00,$61.14
30-NOV-2021 11:00:00,$65.75
30-NOV-2021 10:00:00,$68.34
30-NOV-2021 09:00:00,$64.00
30-NOV-2021 08:00:00,$49.06
30-NOV-2021 07:00:00,$62.26
30-NOV-2021 06:00:00,$51.42
30-NOV-2021 05:00:00,$43.11
30-NOV-2021 04:00:00,$37.04
30-NOV-2021 03:00:00,$42.49
30-NOV-2021 02:00:00,$51.06
30-NOV-2021 01:00:00,$58.57
30-NOV-2021 00:00:00,$49.89
29-NOV-2021 23:00:00,$43.58
29-NOV-2021 22:00:00,$52.90
29-NOV-2021 21:00:00,$62.40
29-NOV-2021 20:00:00,$70.98
29-NOV-2021 19:00:00,$107.22
29-NOV-2021 18:00:00,$99.08
29-NOV-2021 17:00:00,$144.11
29-NOV-2021 16:00:00,$98.41
29-NOV-2021 15:00:00,$66.59
29-NOV-2021 14:00:00,$65.18
29-NOV-2021 13:00:00,$64.09
29-NOV-2021 12:00:00,$87.21
29-NOV-2021 11:00:00,$56.31
29-NOV-2021 10:00:00,$57.05
29-NOV-2021 09:00:00,$58.13
29-NOV-2021 08:00:00,$62.77
29-NOV-2021 07:00:00,$70.37
29-NOV-2021 06:00:00,$77.94
29-NOV-2021 05:00:00,$39.76
29-NOV-2021 04:00:00,$49.21
29-NOV-2021 03:00:00,$38.49
29-NOV-2021 02:00:00,$38.99
29-NOV-2021 01:00:00,$43.08
29-NOV-2021 00:00:00,$42.22
28-NOV-2021 23:00:00,$46.91
28-NOV-2021 22:00:00,$50.98
28-NOV-2021 21:00:00,$66.14
28-NOV-2021 20:00:00,$61.38
28-NOV-2021 19:00:00,$66.09
28-NOV-2021 18:00:00,$61.02
28-NOV-2021 17:00:00,$113.45
28-NOV-2021 16:00:00,$59.07
28-NOV-2021 15:00:00,$34.48
28-NOV-2021 14:00:00,$31.27
28-NOV-2021 13:00:00,$30.01
28-NOV-2021 12:00:00,$42.17
28-NOV-2021 11:00:00,$38.40
28-NOV-2021 10:00:00,$40.37
28-NOV-2021 09:00:00,$42.21
28-NOV-2021 08:00:00,$39.92
28-NOV-2021 07:00:00,$47.19
28-NOV-2021 06:00:00,$41.00
28-NOV-2021 05:00:00,$39.25
28-NOV-2021 04:00:00,$39.50
28-NOV-2021 03:00:00,$40.99
28-NOV-2021 02:00:00,$38.99
28-NOV-2021 01:00:00,$39.84
28-NOV-2021 00:00:00,$40.72
27-NOV-2021 23:00:00,$38.17
27-NOV-2021 22:00:00,$38.02
27-NOV-2021 21:00:00,$49.17
27-NOV-2021 20:00:00,$50.57
27-NOV-2021 19:00:00,$52.28
27-NOV-2021 18:00:00,$54.46
27-NOV-2021 17:00:00,$88.58
27-NOV-2021 16:00:00,$71.68
27-NOV-2021 15:00:00,$43.40
27-NOV-2021 14:00:00,$39.68
27-NOV-2021 13:00:00,$39.41
27-NOV-2021 12:00:00,$37.69
27-NOV-2021 11:00:00,$39.38
27-NOV-2021 10:00:00,$39.23
27-NOV-2021 09:00:00,$46.97
27-NOV-2021 08:00:00,$46.87
27-NOV-2021 07:00:00,$53.52
27-NOV-2021 06:00:00,$37.95
27-NOV-2021 05:00:00,$38.09
27-NOV-2021 04:00:00,$35.05
27-NOV-2021 03:00:00,$35.41
27-NOV-2021 02:00:00,$34.15
27-NOV-2021 01:00:00,$36.28
27-NOV-2021 00:00:00,$35.47
26-NOV-2021 23:00:00,$44.97
26-NOV-2021 22:00:00,$39.45
26-NOV-2021 21:00:00,$38.02
26-NOV-2021 20:00:00,$39.64
26-NOV-2021 19:00:00,$45.49
26-NOV-2021 18:00:00,$45.25
26-NOV-2021 17:00:00,$62.08
26-NOV-2021 16:00:00,$58.24
26-NOV-2021 15:00:00,$49.82
26-NOV-2021 14:00:00,$47.35
26-NOV-2021 13:00:00,$49.61
26-NOV-2021 12:00:00,$47.42
26-NOV-2021 11:00:00,$49.35
26-NOV-2021 10:00:00,$47.33
26-NOV-2021 09:00:00,$53.83
26-NOV-2021 08:00:00,$48.05
26-NOV-2021 07:00:00,$57.16
26-NOV-2021 06:00:00,$37.00
26-NOV-2021 05:00:00,$32.78
26-NOV-2021 04:00:00,$32.70
26-NOV-2021 03:00:00,$31.08
26-NOV-2021 02:00:00,$31.30
26-NOV-2021 01:00:00,$32.06
26-NOV-2021 00:00:00,$31.41
25-NOV-2021 23:00:00,$31.75
25-NOV-2021 22:00:00,$33.87
25-NOV-2021 21:00:00,$32.73
25-NOV-2021 20:00:00,$31.16
25-NOV-2021 19:00:00,$29.86
25-NOV-2021 18:00:00,$31.29
25-NOV-2021 17:00:00,$32.57
25-NOV-2021 16:00:00,$36.62
25-NOV-2021 15:00:00,$33.80
25-NOV-2021 14:00:00,$34.11
25-NOV-2021 13:00:00,$34.60
25-NOV-2021 12:00:00,$46.08
25-NOV-2021 11:00:00,$50.01
25-NOV-2021 10:00:00,$46.00
25-NOV-2021 09:00:00,$43.49
25-NOV-2021 08:00:00,$45.04
25-NOV-2021 07:00:00,$48.17
25-NOV-2021 06:00:00,$37.19
25-NOV-2021 05:00:00,$31.26
25-NOV-2021 04:00:00,$.48
25-NOV-2021 03:00:00,$.57
25-NOV-2021 02:00:00,$12.98
25-NOV-2021 01:00:00,$21.97
25-NOV-2021 00:00:00,$9.64
24-NOV-2021 23:00:00,$38.71
24-NOV-2021 22:00:00,$45.92
24-NOV-2021 21:00:00,$40.79
24-NOV-2021 20:00:00,$38.06
24-NOV-2021 19:00:00,$44.27
24-NOV-2021 18:00:00,$35.53
24-NOV-2021 17:00:00,$94.74
24-NOV-2021 16:00:00,$40.46
24-NOV-2021 15:00:00,$35.60
24-NOV-2021 14:00:00,$36.42
24-NOV-2021 13:00:00,$39.03
24-NOV-2021 12:00:00,$38.74
24-NOV-2021 11:00:00,$41.45
24-NOV-2021 10:00:00,$40.98
24-NOV-2021 09:00:00,$43.21
24-NOV-2021 08:00:00,$42.68
24-NOV-2021 07:00:00,$45.90
24-NOV-2021 06:00:00,$38.86
24-NOV-2021 05:00:00,$35.34
24-NOV-2021 04:00:00,$37.44
24-NOV-2021 03:00:00,$40.88
24-NOV-2021 02:00:00,$43.67
24-NOV-2021 01:00:00,$42.81
24-NOV-2021 00:00:00,$47.23
23-NOV-2021 23:00:00,$45.33
23-NOV-2021 22:00:00,$47.45
23-NOV-2021 21:00:00,$47.29
23-NOV-2021 20:00:00,$46.28
23-NOV-2021 19:00:00,$46.33
23-NOV-2021 18:00:00,$51.07
23-NOV-2021 17:00:00,$67.21
23-NOV-2021 16:00:00,$49.17
23-NOV-2021 15:00:00,$47.10
23-NOV-2021 14:00:00,$47.54
23-NOV-2021 13:00:00,$46.59
23-NOV-2021 12:00:00,$45.83
23-NOV-2021 11:00:00,$46.91
23-NOV-2021 10:00:00,$46.92
23-NOV-2021 09:00:00,$39.57
23-NOV-2021 08:00:00,$36.40
23-NOV-2021 07:00:00,$42.10
23-NOV-2021 06:00:00,$34.86
23-NOV-2021 05:00:00,$32.13
23-NOV-2021 04:00:00,$32.94
23-NOV-2021 03:00:00,$33.87
23-NOV-2021 02:00:00,$34.35
23-NOV-2021 01:00:00,$34.61
23-NOV-2021 00:00:00,$36.78
22-NOV-2021 23:00:00,$41.01
22-NOV-2021 22:00:00,$40.85
22-NOV-2021 21:00:00,$37.55
22-NOV-2021 20:00:00,$41.36
22-NOV-2021 19:00:00,$35.62
22-NOV-2021 18:00:00,$50.76
22-NOV-2021 17:00:00,$61.48
22-NOV-2021 16:00:00,$37.28
22-NOV-2021 15:00:00,$35.49
22-NOV-2021 14:00:00,$45.95
22-NOV-2021 13:00:00,$40.87
22-NOV-2021 12:00:00,$42.14
22-NOV-2021 11:00:00,$39.14
22-NOV-2021 10:00:00,$37.61
22-NOV-2021 09:00:00,$59.18
22-NOV-2021 08:00:00,$59.12
22-NOV-2021 07:00:00,$50.34
22-NOV-2021 06:00:00,$33.81
22-NOV-2021 05:00:00,$28.38
22-NOV-2021 04:00:00,$26.88
22-NOV-2021 03:00:00,$27.62
22-NOV-2021 02:00:00,$28.24
22-NOV-2021 01:00:00,$28.13
22-NOV-2021 00:00:00,$30.45
21-NOV-2021 23:00:00,$29.60
21-NOV-2021 22:00:00,$32.68
21-NOV-2021 21:00:00,$38.98
21-NOV-2021 20:00:00,$34.20
21-NOV-2021 19:00:00,$35.42
21-NOV-2021 18:00:00,$39.04
21-NOV-2021 17:00:00,$39.65
21-NOV-2021 16:00:00,$34.60
21-NOV-2021 15:00:00,$33.34
21-NOV-2021 14:00:00,$34.33
21-NOV-2021 13:00:00,$31.18
21-NOV-2021 12:00:00,$31.65
21-NOV-2021 11:00:00,$31.37
21-NOV-2021 10:00:00,$31.67
21-NOV-2021 09:00:00,$32.72
21-NOV-2021 08:00:00,$39.48
21-NOV-2021 07:00:00,$35.59
21-NOV-2021 06:00:00,$33.49
21-NOV-2021 05:00:00,$51.74
21-NOV-2021 04:00:00,$32.65
21-NOV-2021 03:00:00,$33.97
21-NOV-2021 02:00:00,$36.22
21-NOV-2021 01:00:00,$35.69
21-NOV-2021 00:00:00,$45.33
20-NOV-2021 23:00:00,$41.78
20-NOV-2021 22:00:00,$34.40
20-NOV-2021 21:00:00,$35.20
20-NOV-2021 20:00:00,$36.75
20-NOV-2021 19:00:00,$39.42
20-NOV-2021 18:00:00,$37.81
20-NOV-2021 17:00:00,$40.99
20-NOV-2021 16:00:00,$37.80
20-NOV-2021 15:00:00,$44.40
20-NOV-2021 14:00:00,$33.37
20-NOV-2021 13:00:00,$32.83
20-NOV-2021 12:00:00,$30.19
20-NOV-2021 11:00:00,$30.11
20-NOV-2021 10:00:00,$40.09
20-NOV-2021 09:00:00,$33.22
20-NOV-2021 08:00:00,$45.09
20-NOV-2021 07:00:00,$59.92
20-NOV-2021 06:00:00,$47.56
20-NOV-2021 05:00:00,$44.67
20-NOV-2021 04:00:00,$46.64
20-NOV-2021 03:00:00,$39.33
20-NOV-2021 02:00:00,$45.85
20-NOV-2021 01:00:00,$43.41
20-NOV-2021 00:00:00,$57.37
19-NOV-2021 23:00:00,$72.09
19-NOV-2021 22:00:00,$61.84
19-NOV-2021 21:00:00,$44.97
19-NOV-2021 20:00:00,$45.30
19-NOV-2021 19:00:00,$42.47
19-NOV-2021 18:00:00,$45.83
19-NOV-2021 17:00:00,$44.78
19-NOV-2021 16:00:00,$45.13
19-NOV-2021 15:00:00,$45.25
19-NOV-2021 14:00:00,$59.57
19-NOV-2021 13:00:00,$44.55
19-NOV-2021 12:00:00,$42.00
19-NOV-2021 11:00:00,$39.18
19-NOV-2021 10:00:00,$35.84
19-NOV-2021 09:00:00,$36.12
19-NOV-2021 08:00:00,$38.27
19-NOV-2021 07:00:00,$55.69
19-NOV-2021 06:00:00,$64.57
19-NOV-2021 05:00:00,$30.20
19-NOV-2021 04:00:00,$29.16
19-NOV-2021 03:00:00,$28.96
19-NOV-2021 02:00:00,$27.32
19-NOV-2021 01:00:00,$27.40
19-NOV-2021 00:00:00,$27.91
18-NOV-2021 23:00:00,$27.93
18-NOV-2021 22:00:00,$32.07
18-NOV-2021 21:00:00,$37.07
18-NOV-2021 20:00:00,$67.26
18-NOV-2021 19:00:00,$56.96
18-NOV-2021 18:00:00,$51.59
18-NOV-2021 17:00:00,$63.53
18-NOV-2021 16:00:00,$69.01
18-NOV-2021 15:00:00,$41.75
18-NOV-2021 14:00:00,$44.08
18-NOV-2021 13:00:00,$41.50
18-NOV-2021 12:00:00,$40.55
18-NOV-2021 11:00:00,$33.20
18-NOV-2021 10:00:00,$32.65
18-NOV-2021 09:00:00,$45.11
18-NOV-2021 08:00:00,$45.52
18-NOV-2021 07:00:00,$93.42
18-NOV-2021 06:00:00,$58.35
18-NOV-2021 05:00:00,$30.83
18-NOV-2021 04:00:00,$18.01
18-NOV-2021 03:00:00,$26.86
18-NOV-2021 02:00:00,$28.19
18-NOV-2021 01:00:00,$16.51
18-NOV-2021 00:00:00,$15.41
17-NOV-2021 23:00:00,$25.94
17-NOV-2021 22:00:00,$26.26
17-NOV-2021 21:00:00,$43.33
17-NOV-2021 20:00:00,$37.28
17-NOV-2021 19:00:00,$35.33
17-NOV-2021 18:00:00,$32.66
17-NOV-2021 17:00:00,$80.14
17-NOV-2021 16:00:00,$54.06
17-NOV-2021 15:00:00,$40.35
17-NOV-2021 14:00:00,$37.66
17-NOV-2021 13:00:00,$40.18
17-NOV-2021 12:00:00,$33.83
17-NOV-2021 11:00:00,$33.02
17-NOV-2021 10:00:00,$43.50
17-NOV-2021 09:00:00,$34.76
17-NOV-2021 08:00:00,$41.87
17-NOV-2021 07:00:00,$47.47
17-NOV-2021 06:00:00,$45.74
17-NOV-2021 05:00:00,$30.94
17-NOV-2021 04:00:00,$31.33
17-NOV-2021 03:00:00,$30.47
17-NOV-2021 02:00:00,$30.60
17-NOV-2021 01:00:00,$31.28
17-NOV-2021 00:00:00,$32.70
16-NOV-2021 23:00:00,$35.12
16-NOV-2021 22:00:00,$32.46
16-NOV-2021 21:00:00,$42.77
16-NOV-2021 20:00:00,$36.67
16-NOV-2021 19:00:00,$39.97
16-NOV-2021 18:00:00,$54.89
16-NOV-2021 17:00:00,$74.44
16-NOV-2021 16:00:00,$43.53
16-NOV-2021 15:00:00,$39.78
16-NOV-2021 14:00:00,$34.94
16-NOV-2021 13:00:00,$32.48
16-NOV-2021 12:00:00,$32.42
16-NOV-2021 11:00:00,$34.96
16-NOV-2021 10:00:00,$45.50
16-NOV-2021 09:00:00,$40.42
16-NOV-2021 08:00:00,$43.17
16-NOV-2021 07:00:00,$71.37
16-NOV-2021 06:00:00,$81.62
16-NOV-2021 05:00:00,$39.42
16-NOV-2021 04:00:00,$32.18
16-NOV-2021 03:00:00,$32.41
16-NOV-2021 02:00:00,$30.92
16-NOV-2021 01:00:00,$32.06
16-NOV-2021 00:00:00,$32.27
15-NOV-2021 23:00:00,$34.14
15-NOV-2021 22:00:00,$38.54
15-NOV-2021 21:00:00,$51.00
15-NOV-2021 20:00:00,$42.02
15-NOV-2021 19:00:00,$41.98
15-NOV-2021 18:00:00,$46.20
15-NOV-2021 17:00:00,$108.66
15-NOV-2021 16:00:00,$43.33
15-NOV-2021 15:00:00,$67.78
15-NOV-2021 14:00:00,$43.63
15-NOV-2021 13:00:00,$42.43
15-NOV-2021 12:00:00,$40.43
15-NOV-2021 11:00:00,$52.62
15-NOV-2021 10:00:00,$53.97
15-NOV-2021 09:00:00,$48.39
15-NOV-2021 08:00:00,$38.61
15-NOV-2021 07:00:00,$34.85
15-NOV-2021 06:00:00,$35.51
15-NOV-2021 05:00:00,$29.57
15-NOV-2021 04:00:00,$27.67
15-NOV-2021 03:00:00,$30.30
15-NOV-2021 02:00:00,$31.07
15-NOV-2021 01:00:00,$29.94
15-NOV-2021 00:00:00,$30.57
14-NOV-2021 23:00:00,$32.89
14-NOV-2021 22:00:00,$35.22
14-NOV-2021 21:00:00,$36.87
14-NOV-2021 20:00:00,$38.23
14-NOV-2021 19:00:00,$40.44
14-NOV-2021 18:00:00,$38.14
14-NOV-2021 17:00:00,$47.61
14-NOV-2021 16:00:00,$59.10
14-NOV-2021 15:00:00,$37.97
14-NOV-2021 14:00:00,$40.12
14-NOV-2021 13:00:00,$39.91
14-NOV-2021 12:00:00,$42.90
14-NOV-2021 11:00:00,$43.01
14-NOV-2021 10:00:00,$52.89
14-NOV-2021 09:00:00,$35.21
14-NOV-2021 08:00:00,$34.10
14-NOV-2021 07:00:00,$35.00
14-NOV-2021 06:00:00,$38.48
14-NOV-2021 05:00:00,$32.05
14-NOV-2021 04:00:00,$24.83
14-NOV-2021 03:00:00,$24.02
14-NOV-2021 02:00:00,$25.48
14-NOV-2021 01:00:00,$22.99
14-NOV-2021 00:00:00,$28.25
13-NOV-2021 23:00:00,$26.96
13-NOV-2021 22:00:00,$27.90
13-NOV-2021 21:00:00,$33.80
13-NOV-2021 20:00:00,$32.81
13-NOV-2021 19:00:00,$38.86
13-NOV-2021 18:00:00,$46.49
13-NOV-2021 17:00:00,$66.77
13-NOV-2021 16:00:00,$26.44
13-NOV-2021 15:00:00,$45.01
13-NOV-2021 14:00:00,$39.40
13-NOV-2021 13:00:00,$48.13
13-NOV-2021 12:00:00,$47.49
13-NOV-2021 11:00:00,$47.31
13-NOV-2021 10:00:00,$40.63
13-NOV-2021 09:00:00,$41.42
13-NOV-2021 08:00:00,$37.99
13-NOV-2021 07:00:00,$46.81
13-NOV-2021 06:00:00,$57.55
13-NOV-2021 05:00:00,$37.96
13-NOV-2021 04:00:00,$46.02
13-NOV-2021 03:00:00,$37.90
13-NOV-2021 02:00:00,$65.62
13-NOV-2021 01:00:00,$52.10
13-NOV-2021 00:00:00,$43.10
12-NOV-2021 23:00:00,$35.16
12-NOV-2021 22:00:00,$39.35
12-NOV-2021 21:00:00,$46.58
12-NOV-2021 20:00:00,$38.42
12-NOV-2021 19:00:00,$41.73
12-NOV-2021 18:00:00,$55.03
12-NOV-2021 17:00:00,$340.46
12-NOV-2021 16:00:00,$48.46
12-NOV-2021 15:00:00,$36.70
12-NOV-2021 14:00:00,$29.01
12-NOV-2021 13:00:00,$27.77
12-NOV-2021 12:00:00,$44.69
12-NOV-2021 11:00:00,$46.88
12-NOV-2021 10:00:00,$42.37
12-NOV-2021 09:00:00,$39.90
12-NOV-2021 08:00:00,$50.17
12-NOV-2021 07:00:00,$41.21
12-NOV-2021 06:00:00,$51.92
12-NOV-2021 05:00:00,$58.96
12-NOV-2021 04:00:00,$81.57
12-NOV-2021 03:00:00,$30.77
12-NOV-2021 02:00:00,$28.98
12-NOV-2021 01:00:00,$29.53
12-NOV-2021 00:00:00,$31.97
11-NOV-2021 23:00:00,$29.31
11-NOV-2021 22:00:00,$37.32
11-NOV-2021 21:00:00,$46.70
11-NOV-2021 20:00:00,$49.49
11-NOV-2021 19:00:00,$48.95
11-NOV-2021 18:00:00,$42.06
11-NOV-2021 17:00:00,$59.25
11-NOV-2021 16:00:00,$38.41
11-NOV-2021 15:00:00,$37.63
11-NOV-2021 14:00:00,$36.81
11-NOV-2021 13:00:00,$36.00
11-NOV-2021 12:00:00,$35.56
11-NOV-2021 11:00:00,$30.18
11-NOV-2021 10:00:00,$34.28
11-NOV-2021 09:00:00,$35.79
11-NOV-2021 08:00:00,$32.49
11-NOV-2021 07:00:00,$46.11
11-NOV-2021 06:00:00,$65.01
11-NOV-2021 05:00:00,$34.43
11-NOV-2021 04:00:00,$42.21
11-NOV-2021 03:00:00,$33.44
11-NOV-2021 02:00:00,$34.79
11-NOV-2021 01:00:00,$33.16
11-NOV-2021 00:00:00,$31.37
10-NOV-2021 23:00:00,$30.88
10-NOV-2021 22:00:00,$33.37
10-NOV-2021 21:00:00,$42.78
10-NOV-2021 20:00:00,$38.32
10-NOV-2021 19:00:00,$40.81
10-NOV-2021 18:00:00,$52.32
10-NOV-2021 17:00:00,$62.92
10-NOV-2021 16:00:00,$52.37
10-NOV-2021 15:00:00,$66.60
10-NOV-2021 14:00:00,$51.68
10-NOV-2021 13:00:00,$49.84
10-NOV-2021 12:00:00,$47.86
10-NOV-2021 11:00:00,$49.60
10-NOV-2021 10:00:00,$48.22
10-NOV-2021 09:00:00,$46.96
10-NOV-2021 08:00:00,$41.37
10-NOV-2021 07:00:00,$72.90
10-NOV-2021 06:00:00,$46.82
10-NOV-2021 05:00:00,$35.34
10-NOV-2021 04:00:00,$40.29
10-NOV-2021 03:00:00,$36.83
10-NOV-2021 02:00:00,$36.06
10-NOV-2021 01:00:00,$35.77
10-NOV-2021 00:00:00,$37.03
09-NOV-2021 23:00:00,$33.96
09-NOV-2021 22:00:00,$42.99
09-NOV-2021 21:00:00,$49.39
09-NOV-2021 20:00:00,$54.52
09-NOV-2021 19:00:00,$55.43
09-NOV-2021 18:00:00,$57.47
09-NOV-2021 17:00:00,$96.52
09-NOV-2021 16:00:00,$49.39
09-NOV-2021 15:00:00,$85.82
09-NOV-2021 14:00:00,$60.65
09-NOV-2021 13:00:00,$54.52
09-NOV-2021 12:00:00,$45.73
09-NOV-2021 11:00:00,$41.64
09-NOV-2021 10:00:00,$38.27
09-NOV-2021 09:00:00,$25.50
09-NOV-2021 08:00:00,$46.42
09-NOV-2021 07:00:00,$59.81
09-NOV-2021 06:00:00,$71.80
09-NOV-2021 05:00:00,$43.81
09-NOV-2021 04:00:00,$39.37
09-NOV-2021 03:00:00,$35.63
09-NOV-2021 02:00:00,$33.75
09-NOV-2021 01:00:00,$35.53
09-NOV-2021 00:00:00,$36.43
08-NOV-2021 23:00:00,$35.34
08-NOV-2021 22:00:00,$37.89
08-NOV-2021 21:00:00,$38.18
08-NOV-2021 20:00:00,$40.14
08-NOV-2021 19:00:00,$47.95
08-NOV-2021 18:00:00,$54.89
08-NOV-2021 17:00:00,$89.22
08-NOV-2021 16:00:00,$63.42
08-NOV-2021 15:00:00,$59.30
08-NOV-2021 14:00:00,$62.57
08-NOV-2021 13:00:00,$50.15
08-NOV-2021 12:00:00,$73.95
08-NOV-2021 11:00:00,$58.12
08-NOV-2021 10:00:00,$50.17
08-NOV-2021 09:00:00,$49.08
08-NOV-2021 08:00:00,$41.70
08-NOV-2021 07:00:00,$56.05
08-NOV-2021 06:00:00,$75.29
08-NOV-2021 05:00:00,$44.31
08-NOV-2021 04:00:00,$48.41
08-NOV-2021 03:00:00,$42.23
08-NOV-2021 02:00:00,$41.29
08-NOV-2021 01:00:00,$35.94
08-NOV-2021 00:00:00,$40.02
07-NOV-2021 23:00:00,$36.46
07-NOV-2021 22:00:00,$41.01
07-NOV-2021 21:00:00,$37.36
07-NOV-2021 20:00:00,$36.64
07-NOV-2021 19:00:00,$40.10
07-NOV-2021 18:00:00,$42.36
07-NOV-2021 17:00:00,$88.49
07-NOV-2021 16:00:00,$64.40
07-NOV-2021 15:00:00,$46.24
07-NOV-2021 14:00:00,$41.73
07-NOV-2021 13:00:00,$36.61
07-NOV-2021 12:00:00,$48.44
07-NOV-2021 11:00:00,$51.05
07-NOV-2021 10:00:00,$55.77
07-NOV-2021 09:00:00,$61.44
07-NOV-2021 08:00:00,$66.66
07-NOV-2021 07:00:00,$115.95
07-NOV-2021 06:00:00,$82.84
07-NOV-2021 05:00:00,$86.34
07-NOV-2021 04:00:00,$69.58
07-NOV-2021 03:00:00,$58.94
07-NOV-2021 02:00:00,$49.67
07-NOV-2021 01:00:00,$46.72
07-NOV-2021 00:00:00,$121.06
06-NOV-2021 23:00:00,$50.31
06-NOV-2021 22:00:00,$59.80
06-NOV-2021 21:00:00,$51.90
06-NOV-2021 20:00:00,$58.47
06-NOV-2021 19:00:00,$58.94
06-NOV-2021 18:00:00,$61.47
06-NOV-2021 17:00:00,$49.32
06-NOV-2021 16:00:00,$43.97
06-NOV-2021 15:00:00,$44.81
06-NOV-2021 14:00:00,$37.93
06-NOV-2021 13:00:00,$38.83
06-NOV-2021 12:00:00,$39.35
06-NOV-2021 11:00:00,$41.96
06-NOV-2021 10:00:00,$51.22
06-NOV-2021 09:00:00,$55.81
06-NOV-2021 08:00:00,$81.47
06-NOV-2021 07:00:00,$74.72
06-NOV-2021 06:00:00,$57.19
06-NOV-2021 05:00:00,$58.42
06-NOV-2021 04:00:00,$52.50
06-NOV-2021 03:00:00,$52.22
06-NOV-2021 02:00:00,$52.28
06-NOV-2021 01:00:00,$53.99
06-NOV-2021 00:00:00,$54.98
05-NOV-2021 23:00:00,$54.75
05-NOV-2021 22:00:00,$52.74
05-NOV-2021 21:00:00,$45.42
05-NOV-2021 20:00:00,$53.11
05-NOV-2021 19:00:00,$55.14
05-NOV-2021 18:00:00,$60.53
05-NOV-2021 17:00:00,$59.23
05-NOV-2021 16:00:00,$48.45
05-NOV-2021 15:00:00,$44.28
05-NOV-2021 14:00:00,$53.00
05-NOV-2021 13:00:00,$56.25
05-NOV-2021 12:00:00,$55.69
05-NOV-2021 11:00:00,$50.14
05-NOV-2021 10:00:00,$47.18
05-NOV-2021 09:00:00,$41.45
05-NOV-2021 08:00:00,$54.67
05-NOV-2021 07:00:00,$135.36
05-NOV-2021 06:00:00,$54.61
05-NOV-2021 05:00:00,$45.94
05-NOV-2021 04:00:00,$46.46
05-NOV-2021 03:00:00,$46.63
05-NOV-2021 02:00:00,$50.38
05-NOV-2021 01:00:00,$45.57
05-NOV-2021 00:00:00,$49.34
04-NOV-2021 23:00:00,$52.59
04-NOV-2021 22:00:00,$61.39
04-NOV-2021 21:00:00,$49.62
04-NOV-2021 20:00:00,$33.94
04-NOV-2021 19:00:00,$70.93
04-NOV-2021 18:00:00,$64.55
04-NOV-2021 17:00:00,$53.10
04-NOV-2021 16:00:00,$45.67
04-NOV-2021 15:00:00,$51.65
04-NOV-2021 14:00:00,$52.03
04-NOV-2021 13:00:00,$49.85
04-NOV-2021 12:00:00,$50.73
04-NOV-2021 11:00:00,$46.91
04-NOV-2021 10:00:00,$43.76
04-NOV-2021 09:00:00,$51.39
04-NOV-2021 08:00:00,$110.23
04-NOV-2021 07:00:00,$70.02
04-NOV-2021 06:00:00,$54.08
04-NOV-2021 05:00:00,$34.38
04-NOV-2021 04:00:00,$39.64
04-NOV-2021 03:00:00,$49.07
04-NOV-2021 02:00:00,$48.25
04-NOV-2021 01:00:00,$50.96
04-NOV-2021 00:00:00,$46.12
03-NOV-2021 23:00:00,$48.58
03-NOV-2021 22:00:00,$54.55
03-NOV-2021 21:00:00,$51.96
03-NOV-2021 20:00:00,$48.17
03-NOV-2021 19:00:00,$51.71
03-NOV-2021 18:00:00,$71.89
03-NOV-2021 17:00:00,$60.30
03-NOV-2021 16:00:00,$47.34
03-NOV-2021 15:00:00,$51.45
03-NOV-2021 14:00:00,$57.39
03-NOV-2021 13:00:00,$47.88
03-NOV-2021 12:00:00,$44.61
03-NOV-2021 11:00:00,$45.82
03-NOV-2021 10:00:00,$45.73
03-NOV-2021 09:00:00,$44.10
03-NOV-2021 08:00:00,$96.21
03-NOV-2021 07:00:00,$196.12
03-NOV-2021 06:00:00,$108.32
03-NOV-2021 05:00:00,$45.77
03-NOV-2021 04:00:00,$50.13
03-NOV-2021 03:00:00,$48.02
03-NOV-2021 02:00:00,$63.85
03-NOV-2021 01:00:00,$52.26
03-NOV-2021 00:00:00,$57.28
02-NOV-2021 23:00:00,$70.59
02-NOV-2021 22:00:00,$69.16
02-NOV-2021 21:00:00,$68.56
02-NOV-2021 20:00:00,$77.68
02-NOV-2021 19:00:00,$77.60
02-NOV-2021 18:00:00,$138.44
02-NOV-2021 17:00:00,$56.73
02-NOV-2021 16:00:00,$66.09
02-NOV-2021 15:00:00,$58.53
02-NOV-2021 14:00:00,$57.27
02-NOV-2021 13:00:00,$65.60
02-NOV-2021 12:00:00,$62.48
02-NOV-2021 11:00:00,$65.72
02-NOV-2021 10:00:00,$64.09
02-NOV-2021 09:00:00,$112.70
02-NOV-2021 08:00:00,$105.19
02-NOV-2021 07:00:00,$64.04
02-NOV-2021 06:00:00,$61.85
02-NOV-2021 05:00:00,$38.80
02-NOV-2021 04:00:00,$38.48
02-NOV-2021 03:00:00,$41.54
02-NOV-2021 02:00:00,$40.58
02-NOV-2021 01:00:00,$46.95
02-NOV-2021 00:00:00,$42.65
01-NOV-2021 23:00:00,$46.42
01-NOV-2021 22:00:00,$59.58
01-NOV-2021 21:00:00,$70.55
01-NOV-2021 20:00:00,$54.50
01-NOV-2021 19:00:00,$97.32
01-NOV-2021 18:00:00,$105.59
01-NOV-2021 17:00:00,$71.61
01-NOV-2021 16:00:00,$51.58
01-NOV-2021 15:00:00,$46.39
01-NOV-2021 14:00:00,$51.18
01-NOV-2021 13:00:00,$44.01
01-NOV-2021 12:00:00,$49.64
01-NOV-2021 11:00:00,$43.67
01-NOV-2021 10:00:00,$58.06
01-NOV-2021 09:00:00,$47.82
01-NOV-2021 08:00:00,$53.64
01-NOV-2021 07:00:00,$120.50
01-NOV-2021 06:00:00,$58.19
01-NOV-2021 05:00:00,$38.45
01-NOV-2021 04:00:00,$38.50
01-NOV-2021 03:00:00,$39.22
01-NOV-2021 02:00:00,$36.48
01-NOV-2021 01:00:00,$36.40
01-NOV-2021 00:00:00,$33.77
31-OCT-2021 23:00:00,$38.03
31-OCT-2021 22:00:00,$36.25
31-OCT-2021 21:00:00,$44.53
31-OCT-2021 20:00:00,$43.69
31-OCT-2021 19:00:00,$43.72
31-OCT-2021 18:00:00,$50.35
31-OCT-2021 17:00:00,$38.45
31-OCT-2021 16:00:00,$38.09
31-OCT-2021 15:00:00,$39.41
31-OCT-2021 14:00:00,$40.50
31-OCT-2021 13:00:00,$45.79
31-OCT-2021 12:00:00,$45.49
31-OCT-2021 11:00:00,$38.68
31-OCT-2021 10:00:00,$38.00
31-OCT-2021 09:00:00,$37.55
31-OCT-2021 08:00:00,$37.55
31-OCT-2021 07:00:00,$41.84
31-OCT-2021 06:00:00,$41.51
31-OCT-2021 05:00:00,$36.74
31-OCT-2021 04:00:00,$36.90
31-OCT-2021 03:00:00,$36.33
31-OCT-2021 02:00:00,$37.57
31-OCT-2021 01:00:00,$56.66
31-OCT-2021 00:00:00,$84.04
30-OCT-2021 23:00:00,$65.57
30-OCT-2021 22:00:00,$64.76
30-OCT-2021 21:00:00,$68.73
30-OCT-2021 20:00:00,$65.59
30-OCT-2021 19:00:00,$77.30
30-OCT-2021 18:00:00,$96.80
30-OCT-2021 17:00:00,$80.19
30-OCT-2021 16:00:00,$47.28
30-OCT-2021 15:00:00,$57.01
30-OCT-2021 14:00:00,$66.71
30-OCT-2021 13:00:00,$65.16
30-OCT-2021 12:00:00,$42.52
30-OCT-2021 11:00:00,$40.38
30-OCT-2021 10:00:00,$53.51
30-OCT-2021 09:00:00,$45.71
30-OCT-2021 08:00:00,$45.34
30-OCT-2021 07:00:00,$39.17
30-OCT-2021 06:00:00,$47.70
30-OCT-2021 05:00:00,$49.55
30-OCT-2021 04:00:00,$44.31
30-OCT-2021 03:00:00,$48.02
30-OCT-2021 02:00:00,$44.67
30-OCT-2021 01:00:00,$85.36
30-OCT-2021 00:00:00,$65.43
29-OCT-2021 23:00:00,$46.80
29-OCT-2021 22:00:00,$54.37
29-OCT-2021 21:00:00,$55.01
29-OCT-2021 20:00:00,$56.11
29-OCT-2021 19:00:00,$52.37
29-OCT-2021 18:00:00,$57.48
29-OCT-2021 17:00:00,$67.46
29-OCT-2021 16:00:00,$45.97
29-OCT-2021 15:00:00,$60.37
29-OCT-2021 14:00:00,$47.40
29-OCT-2021 13:00:00,$95.24
29-OCT-2021 12:00:00,$53.93
29-OCT-2021 11:00:00,$47.65
29-OCT-2021 10:00:00,$55.46
29-OCT-2021 09:00:00,$65.64
29-OCT-2021 08:00:00,$53.51
29-OCT-2021 07:00:00,$54.04
29-OCT-2021 06:00:00,$41.37
29-OCT-2021 05:00:00,$38.26
29-OCT-2021 04:00:00,$37.36
29-OCT-2021 03:00:00,$36.35
29-OCT-2021 02:00:00,$37.10
29-OCT-2021 01:00:00,$38.34
29-OCT-2021 00:00:00,$42.21
28-OCT-2021 23:00:00,$43.12
28-OCT-2021 22:00:00,$50.74
28-OCT-2021 21:00:00,$50.28
28-OCT-2021 20:00:00,$67.52
28-OCT-2021 19:00:00,$63.57
28-OCT-2021 18:00:00,$166.23
28-OCT-2021 17:00:00,$53.02
28-OCT-2021 16:00:00,$55.87
28-OCT-2021 15:00:00,$55.49
28-OCT-2021 14:00:00,$69.47
28-OCT-2021 13:00:00,$73.88
28-OCT-2021 12:00:00,$42.80
28-OCT-2021 11:00:00,$42.25
28-OCT-2021 10:00:00,$40.34
28-OCT-2021 09:00:00,$42.65
28-OCT-2021 08:00:00,$52.27
28-OCT-2021 07:00:00,$60.07
28-OCT-2021 06:00:00,$42.57
28-OCT-2021 05:00:00,$37.99
28-OCT-2021 04:00:00,$36.78
28-OCT-2021 03:00:00,$37.24
28-OCT-2021 02:00:00,$38.60
28-OCT-2021 01:00:00,$39.59
28-OCT-2021 00:00:00,$39.28
27-OCT-2021 23:00:00,$43.84
27-OCT-2021 22:00:00,$42.99
27-OCT-2021 21:00:00,$60.36
27-OCT-2021 20:00:00,$51.84
27-OCT-2021 19:00:00,$58.62
27-OCT-2021 18:00:00,$57.05
27-OCT-2021 17:00:00,$103.35
27-OCT-2021 16:00:00,$48.59
27-OCT-2021 15:00:00,$46.14
27-OCT-2021 14:00:00,$50.10
27-OCT-2021 13:00:00,$58.35
27-OCT-2021 12:00:00,$47.93
27-OCT-2021 11:00:00,$51.51
27-OCT-2021 10:00:00,$64.38
27-OCT-2021 09:00:00,$59.05
27-OCT-2021 08:00:00,$55.81
27-OCT-2021 07:00:00,$55.59
27-OCT-2021 06:00:00,$57.14
27-OCT-2021 05:00:00,$39.57
27-OCT-2021 04:00:00,$39.20
27-OCT-2021 03:00:00,$41.48
27-OCT-2021 02:00:00,$41.28
27-OCT-2021 01:00:00,$45.75
27-OCT-2021 00:00:00,$44.01
26-OCT-2021 23:00:00,$42.82
26-OCT-2021 22:00:00,$45.50
26-OCT-2021 21:00:00,$51.30
26-OCT-2021 20:00:00,$77.97
26-OCT-2021 19:00:00,$51.80
26-OCT-2021 18:00:00,$102.01
26-OCT-2021 17:00:00,$43.29
26-OCT-2021 16:00:00,$40.74
26-OCT-2021 15:00:00,$49.71
26-OCT-2021 14:00:00,$53.77
26-OCT-2021 13:00:00,$55.91
26-OCT-2021 12:00:00,$48.38
26-OCT-2021 11:00:00,$49.13
26-OCT-2021 10:00:00,$55.86
26-OCT-2021 09:00:00,$54.59
26-OCT-2021 08:00:00,$52.98
26-OCT-2021 07:00:00,$55.75
26-OCT-2021 06:00:00,$44.77
26-OCT-2021 05:00:00,$38.18
26-OCT-2021 04:00:00,$36.91
26-OCT-2021 03:00:00,$34.81
26-OCT-2021 02:00:00,$38.61
26-OCT-2021 01:00:00,$39.59
26-OCT-2021 00:00:00,$47.71
25-OCT-2021 23:00:00,$39.87
25-OCT-2021 22:00:00,$38.83
25-OCT-2021 21:00:00,$43.48
25-OCT-2021 20:00:00,$48.74
25-OCT-2021 19:00:00,$66.88
25-OCT-2021 18:00:00,$87.82
25-OCT-2021 17:00:00,$68.95
25-OCT-2021 16:00:00,$43.75
25-OCT-2021 15:00:00,$45.93
25-OCT-2021 14:00:00,$46.06
25-OCT-2021 13:00:00,$47.06
25-OCT-2021 12:00:00,$42.16
25-OCT-2021 11:00:00,$47.54
25-OCT-2021 10:00:00,$48.40
25-OCT-2021 09:00:00,$63.08
25-OCT-2021 08:00:00,$57.71
25-OCT-2021 07:00:00,$65.51
25-OCT-2021 06:00:00,$46.70
25-OCT-2021 05:00:00,$34.47
25-OCT-2021 04:00:00,$34.34
25-OCT-2021 03:00:00,$37.02
25-OCT-2021 02:00:00,$36.24
25-OCT-2021 01:00:00,$38.10
25-OCT-2021 00:00:00,$36.93
24-OCT-2021 23:00:00,$40.07
24-OCT-2021 22:00:00,$51.49
24-OCT-2021 21:00:00,$49.22
24-OCT-2021 20:00:00,$51.03
24-OCT-2021 19:00:00,$61.65
24-OCT-2021 18:00:00,$105.68
24-OCT-2021 17:00:00,$72.00
24-OCT-2021 16:00:00,$54.95
24-OCT-2021 15:00:00,$44.84
24-OCT-2021 14:00:00,$51.76
24-OCT-2021 13:00:00,$50.86
24-OCT-2021 12:00:00,$78.79
24-OCT-2021 11:00:00,$50.94
24-OCT-2021 10:00:00,$48.13
24-OCT-2021 09:00:00,$38.67
24-OCT-2021 08:00:00,$38.54
24-OCT-2021 07:00:00,$38.87
24-OCT-2021 06:00:00,$37.59
24-OCT-2021 05:00:00,$38.39
24-OCT-2021 04:00:00,$35.98
24-OCT-2021 03:00:00,$39.87
24-OCT-2021 02:00:00,$37.53
24-OCT-2021 01:00:00,$35.89
24-OCT-2021 00:00:00,$41.89
23-OCT-2021 23:00:00,$41.87
23-OCT-2021 22:00:00,$48.25
23-OCT-2021 21:00:00,$41.35
23-OCT-2021 20:00:00,$36.92
23-OCT-2021 19:00:00,$42.85
23-OCT-2021 18:00:00,$53.57
23-OCT-2021 17:00:00,$47.58
23-OCT-2021 16:00:00,$49.16
23-OCT-2021 15:00:00,$34.54
23-OCT-2021 14:00:00,$36.77
23-OCT-2021 13:00:00,$52.25
23-OCT-2021 12:00:00,$42.36
23-OCT-2021 11:00:00,$45.25
23-OCT-2021 10:00:00,$54.17
23-OCT-2021 09:00:00,$53.21
23-OCT-2021 08:00:00,$40.18
23-OCT-2021 07:00:00,$35.90
23-OCT-2021 06:00:00,$34.48
23-OCT-2021 05:00:00,$37.84
23-OCT-2021 04:00:00,$37.24
23-OCT-2021 03:00:00,$35.13
23-OCT-2021 02:00:00,$35.38
23-OCT-2021 01:00:00,$38.60
23-OCT-2021 00:00:00,$45.80
22-OCT-2021 23:00:00,$40.07
22-OCT-2021 22:00:00,$52.82
22-OCT-2021 21:00:00,$43.09
22-OCT-2021 20:00:00,$47.14
22-OCT-2021 19:00:00,$55.59
22-OCT-2021 18:00:00,$79.05
22-OCT-2021 17:00:00,$43.49
22-OCT-2021 16:00:00,$41.44
22-OCT-2021 15:00:00,$64.40
22-OCT-2021 14:00:00,$45.57
22-OCT-2021 13:00:00,$56.69
22-OCT-2021 12:00:00,$59.62
22-OCT-2021 11:00:00,$48.41
22-OCT-2021 10:00:00,$46.87
22-OCT-2021 09:00:00,$45.13
22-OCT-2021 08:00:00,$46.62
22-OCT-2021 07:00:00,$49.89
22-OCT-2021 06:00:00,$34.73
22-OCT-2021 05:00:00,$29.23
22-OCT-2021 04:00:00,$29.73
22-OCT-2021 03:00:00,$32.76
22-OCT-2021 02:00:00,$38.75
22-OCT-2021 01:00:00,$41.74
22-OCT-2021 00:00:00,$35.68
21-OCT-2021 23:00:00,$38.40
21-OCT-2021 22:00:00,$40.31
21-OCT-2021 21:00:00,$36.54
21-OCT-2021 20:00:00,$38.85
21-OCT-2021 19:00:00,$49.63
21-OCT-2021 18:00:00,$82.26
21-OCT-2021 17:00:00,$48.20
21-OCT-2021 16:00:00,$46.07
21-OCT-2021 15:00:00,$40.10
21-OCT-2021 14:00:00,$44.81
21-OCT-2021 13:00:00,$47.13
21-OCT-2021 12:00:00,$47.72
21-OCT-2021 11:00:00,$41.34
21-OCT-2021 10:00:00,$39.99
21-OCT-2021 09:00:00,$35.51
21-OCT-2021 08:00:00,$38.09
21-OCT-2021 07:00:00,$40.25
21-OCT-2021 06:00:00,$32.66
21-OCT-2021 05:00:00,$53.23
21-OCT-2021 04:00:00,$36.31
21-OCT-2021 03:00:00,$34.59
21-OCT-2021 02:00:00,$32.91
21-OCT-2021 01:00:00,$30.80
21-OCT-2021 00:00:00,$29.82
20-OCT-2021 23:00:00,$34.06
20-OCT-2021 22:00:00,$37.14
20-OCT-2021 21:00:00,$29.97
20-OCT-2021 20:00:00,$35.10
20-OCT-2021 19:00:00,$40.26
20-OCT-2021 18:00:00,$62.39
20-OCT-2021 17:00:00,$44.05
20-OCT-2021 16:00:00,$32.77
20-OCT-2021 15:00:00,$33.55
20-OCT-2021 14:00:00,$31.17
20-OCT-2021 13:00:00,$29.86
20-OCT-2021 12:00:00,$34.65
20-OCT-2021 11:00:00,$28.95
20-OCT-2021 10:00:00,$26.94
20-OCT-2021 09:00:00,$31.17
20-OCT-2021 08:00:00,$36.78
20-OCT-2021 07:00:00,$38.34
20-OCT-2021 06:00:00,$26.07
20-OCT-2021 05:00:00,$25.89
20-OCT-2021 04:00:00,$29.14
20-OCT-2021 03:00:00,$29.40
20-OCT-2021 02:00:00,$29.45
20-OCT-2021 01:00:00,$29.65
20-OCT-2021 00:00:00,$30.62
19-OCT-2021 23:00:00,$30.87
19-OCT-2021 22:00:00,$31.29
19-OCT-2021 21:00:00,$31.27
19-OCT-2021 20:00:00,$35.85
19-OCT-2021 19:00:00,$43.07
19-OCT-2021 18:00:00,$49.39
19-OCT-2021 17:00:00,$37.94
19-OCT-2021 16:00:00,$32.57
19-OCT-2021 15:00:00,$30.87
19-OCT-2021 14:00:00,$33.97
19-OCT-2021 13:00:00,$36.01
19-OCT-2021 12:00:00,$36.43
19-OCT-2021 11:00:00,$32.27
19-OCT-2021 10:00:00,$36.28
19-OCT-2021 09:00:00,$41.29
19-OCT-2021 08:00:00,$45.83
19-OCT-2021 07:00:00,$70.66
19-OCT-2021 06:00:00,$43.74
19-OCT-2021 05:00:00,$34.61
19-OCT-2021 04:00:00,$32.72
19-OCT-2021 03:00:00,$32.63
19-OCT-2021 02:00:00,$32.83
19-OCT-2021 01:00:00,$32.92
19-OCT-2021 00:00:00,$34.59
18-OCT-2021 23:00:00,$38.01
18-OCT-2021 22:00:00,$39.32
18-OCT-2021 21:00:00,$41.34
18-OCT-2021 20:00:00,$45.14
18-OCT-2021 19:00:00,$61.63
18-OCT-2021 18:00:00,$55.26
18-OCT-2021 17:00:00,$87.25
18-OCT-2021 16:00:00,$40.48
18-OCT-2021 15:00:00,$39.05
18-OCT-2021 14:00:00,$41.83
18-OCT-2021 13:00:00,$42.02
18-OCT-2021 12:00:00,$38.55
18-OCT-2021 11:00:00,$41.67
18-OCT-2021 10:00:00,$42.90
18-OCT-2021 09:00:00,$47.96
18-OCT-2021 08:00:00,$50.06
18-OCT-2021 07:00:00,$51.79
18-OCT-2021 06:00:00,$46.53
18-OCT-2021 05:00:00,$31.49
18-OCT-2021 04:00:00,$30.17
18-OCT-2021 03:00:00,$31.80
18-OCT-2021 02:00:00,$33.47
18-OCT-2021 01:00:00,$34.02
18-OCT-2021 00:00:00,$32.90
17-OCT-2021 23:00:00,$34.49
17-OCT-2021 22:00:00,$33.81
17-OCT-2021 21:00:00,$33.56
17-OCT-2021 20:00:00,$33.22
17-OCT-2021 19:00:00,$72.42
17-OCT-2021 18:00:00,$57.47
17-OCT-2021 17:00:00,$44.56
17-OCT-2021 16:00:00,$32.70
17-OCT-2021 15:00:00,$31.64
17-OCT-2021 14:00:00,$32.36
17-OCT-2021 13:00:00,$34.55
17-OCT-2021 12:00:00,$34.14
17-OCT-2021 11:00:00,$34.32
17-OCT-2021 10:00:00,$33.06
17-OCT-2021 09:00:00,$32.22
17-OCT-2021 08:00:00,$31.86
17-OCT-2021 07:00:00,$32.55
17-OCT-2021 06:00:00,$32.45
17-OCT-2021 05:00:00,$31.91
17-OCT-2021 04:00:00,$31.24
17-OCT-2021 03:00:00,$32.10
17-OCT-2021 02:00:00,$33.06
17-OCT-2021 01:00:00,$36.01
17-OCT-2021 00:00:00,$38.68
16-OCT-2021 23:00:00,$38.32
16-OCT-2021 22:00:00,$36.60
16-OCT-2021 21:00:00,$41.77
16-OCT-2021 20:00:00,$42.13
16-OCT-2021 19:00:00,$58.36
16-OCT-2021 18:00:00,$57.17
16-OCT-2021 17:00:00,$58.68
16-OCT-2021 16:00:00,$68.39
16-OCT-2021 15:00:00,$70.14
16-OCT-2021 14:00:00,$62.02
16-OCT-2021 13:00:00,$68.93
16-OCT-2021 12:00:00,$102.76
16-OCT-2021 11:00:00,$55.48
16-OCT-2021 10:00:00,$47.89
16-OCT-2021 09:00:00,$50.97
16-OCT-2021 08:00:00,$50.01
16-OCT-2021 07:00:00,$45.10
16-OCT-2021 06:00:00,$47.76
16-OCT-2021 05:00:00,$50.52
16-OCT-2021 04:00:00,$44.71
16-OCT-2021 03:00:00,$51.30
16-OCT-2021 02:00:00,$60.90
16-OCT-2021 01:00:00,$55.79
16-OCT-2021 00:00:00,$87.45
15-OCT-2021 23:00:00,$60.20
15-OCT-2021 22:00:00,$46.49
15-OCT-2021 21:00:00,$52.07
15-OCT-2021 20:00:00,$52.57
15-OCT-2021 19:00:00,$56.68
15-OCT-2021 18:00:00,$52.63
15-OCT-2021 17:00:00,$78.47
15-OCT-2021 16:00:00,$71.47
15-OCT-2021 15:00:00,$60.75
15-OCT-2021 14:00:00,$62.13
15-OCT-2021 13:00:00,$71.69
15-OCT-2021 12:00:00,$53.06
15-OCT-2021 11:00:00,$62.87
15-OCT-2021 10:00:00,$45.23
15-OCT-2021 09:00:00,$46.26
15-OCT-2021 08:00:00,$44.16
15-OCT-2021 07:00:00,$46.33
15-OCT-2021 06:00:00,$44.95
15-OCT-2021 05:00:00,$30.88
15-OCT-2021 04:00:00,$34.74
15-OCT-2021 03:00:00,$35.57
15-OCT-2021 02:00:00,$38.23
15-OCT-2021 01:00:00,$39.33
15-OCT-2021 00:00:00,$45.92
14-OCT-2021 23:00:00,$43.41
14-OCT-2021 22:00:00,$48.73
14-OCT-2021 21:00:00,$50.70
14-OCT-2021 20:00:00,$53.66
14-OCT-2021 19:00:00,$57.05
14-OCT-2021 18:00:00,$65.37
14-OCT-2021 17:00:00,$63.83
14-OCT-2021 16:00:00,$56.89
14-OCT-2021 15:00:00,$59.47
14-OCT-2021 14:00:00,$50.73
14-OCT-2021 13:00:00,$48.00
14-OCT-2021 12:00:00,$44.09
14-OCT-2021 11:00:00,$45.67
14-OCT-2021 10:00:00,$41.04
14-OCT-2021 09:00:00,$52.36
14-OCT-2021 08:00:00,$40.39
14-OCT-2021 07:00:00,$66.47
14-OCT-2021 06:00:00,$50.40
14-OCT-2021 05:00:00,$35.71
14-OCT-2021 04:00:00,$32.49
14-OCT-2021 03:00:00,$32.76
14-OCT-2021 02:00:00,$33.68
14-OCT-2021 01:00:00,$36.44
14-OCT-2021 00:00:00,$35.75
13-OCT-2021 23:00:00,$41.93
13-OCT-2021 22:00:00,$41.28
13-OCT-2021 21:00:00,$50.99
13-OCT-2021 20:00:00,$47.99
13-OCT-2021 19:00:00,$48.37
13-OCT-2021 18:00:00,$64.31
13-OCT-2021 17:00:00,$58.32
13-OCT-2021 16:00:00,$50.03
13-OCT-2021 15:00:00,$49.88
13-OCT-2021 14:00:00,$47.18
13-OCT-2021 13:00:00,$53.43
13-OCT-2021 12:00:00,$46.79
13-OCT-2021 11:00:00,$53.13
13-OCT-2021 10:00:00,$50.28
13-OCT-2021 09:00:00,$52.58
13-OCT-2021 08:00:00,$53.65
13-OCT-2021 07:00:00,$99.54
13-OCT-2021 06:00:00,$57.85
13-OCT-2021 05:00:00,$41.18
13-OCT-2021 04:00:00,$36.81
13-OCT-2021 03:00:00,$36.70
13-OCT-2021 02:00:00,$38.65
13-OCT-2021 01:00:00,$44.50
13-OCT-2021 00:00:00,$40.34
12-OCT-2021 23:00:00,$46.38
12-OCT-2021 22:00:00,$48.39
12-OCT-2021 21:00:00,$49.24
12-OCT-2021 20:00:00,$48.69
12-OCT-2021 19:00:00,$55.73
12-OCT-2021 18:00:00,$70.03
12-OCT-2021 17:00:00,$53.97
12-OCT-2021 16:00:00,$55.59
12-OCT-2021 15:00:00,$43.99
12-OCT-2021 14:00:00,$63.39
12-OCT-2021 13:00:00,$47.40
12-OCT-2021 12:00:00,$46.43
12-OCT-2021 11:00:00,$44.45
12-OCT-2021 10:00:00,$51.02
12-OCT-2021 09:00:00,$46.89
12-OCT-2021 08:00:00,$56.44
12-OCT-2021 07:00:00,$58.95
12-OCT-2021 06:00:00,$119.47
12-OCT-2021 05:00:00,$40.34
12-OCT-2021 04:00:00,$32.75
12-OCT-2021 03:00:00,$29.88
12-OCT-2021 02:00:00,$33.24
12-OCT-2021 01:00:00,$33.79
12-OCT-2021 00:00:00,$34.63
11-OCT-2021 23:00:00,$40.30
11-OCT-2021 22:00:00,$38.50
11-OCT-2021 21:00:00,$46.54
11-OCT-2021 20:00:00,$46.02
11-OCT-2021 19:00:00,$53.52
11-OCT-2021 18:00:00,$57.03
11-OCT-2021 17:00:00,$59.09
11-OCT-2021 16:00:00,$53.80
11-OCT-2021 15:00:00,$50.35
11-OCT-2021 14:00:00,$50.76
11-OCT-2021 13:00:00,$57.79
11-OCT-2021 12:00:00,$46.11
11-OCT-2021 11:00:00,$44.84
11-OCT-2021 10:00:00,$55.95
11-OCT-2021 09:00:00,$44.25
11-OCT-2021 08:00:00,$49.51
11-OCT-2021 07:00:00,$42.80
11-OCT-2021 06:00:00,$41.57
11-OCT-2021 05:00:00,$31.56
11-OCT-2021 04:00:00,$30.43
11-OCT-2021 03:00:00,$29.97
11-OCT-2021 02:00:00,$30.78
11-OCT-2021 01:00:00,$30.98
11-OCT-2021 00:00:00,$32.54
10-OCT-2021 23:00:00,$44.18
10-OCT-2021 22:00:00,$40.00
10-OCT-2021 21:00:00,$45.34
10-OCT-2021 20:00:00,$50.63
10-OCT-2021 19:00:00,$56.01
10-OCT-2021 18:00:00,$50.16
10-OCT-2021 17:00:00,$53.86
10-OCT-2021 16:00:00,$43.08
10-OCT-2021 15:00:00,$41.06
10-OCT-2021 14:00:00,$45.22
10-OCT-2021 13:00:00,$50.01
10-OCT-2021 12:00:00,$44.53
10-OCT-2021 11:00:00,$43.72
10-OCT-2021 10:00:00,$45.83
10-OCT-2021 09:00:00,$44.36
10-OCT-2021 08:00:00,$32.24
10-OCT-2021 07:00:00,$31.01
10-OCT-2021 06:00:00,$31.67
10-OCT-2021 05:00:00,$29.80
10-OCT-2021 04:00:00,$30.70
10-OCT-2021 03:00:00,$29.82
10-OCT-2021 02:00:00,$33.49
10-OCT-2021 01:00:00,$36.64
10-OCT-2021 00:00:00,$39.14
09-OCT-2021 23:00:00,$41.62
09-OCT-2021 22:00:00,$36.98
09-OCT-2021 21:00:00,$31.16
09-OCT-2021 20:00:00,$33.36
09-OCT-2021 19:00:00,$41.62
09-OCT-2021 18:00:00,$39.36
09-OCT-2021 17:00:00,$31.45
09-OCT-2021 16:00:00,$32.58
09-OCT-2021 15:00:00,$31.13
09-OCT-2021 14:00:00,$31.55
09-OCT-2021 13:00:00,$31.74
09-OCT-2021 12:00:00,$31.04
09-OCT-2021 11:00:00,$34.00
09-OCT-2021 10:00:00,$34.35
09-OCT-2021 09:00:00,$51.51
09-OCT-2021 08:00:00,$48.40
09-OCT-2021 07:00:00,$42.07
09-OCT-2021 06:00:00,$39.98
09-OCT-2021 05:00:00,$40.45
09-OCT-2021 04:00:00,$38.49
09-OCT-2021 03:00:00,$35.81
09-OCT-2021 02:00:00,$36.97
09-OCT-2021 01:00:00,$46.43
09-OCT-2021 00:00:00,$61.77
08-OCT-2021 23:00:00,$46.78
08-OCT-2021 22:00:00,$54.44
08-OCT-2021 21:00:00,$46.14
08-OCT-2021 20:00:00,$45.83
08-OCT-2021 19:00:00,$68.43
08-OCT-2021 18:00:00,$69.07
08-OCT-2021 17:00:00,$62.52
08-OCT-2021 16:00:00,$56.00
08-OCT-2021 15:00:00,$54.73
08-OCT-2021 14:00:00,$72.60
08-OCT-2021 13:00:00,$63.67
08-OCT-2021 12:00:00,$66.56
08-OCT-2021 11:00:00,$49.52
08-OCT-2021 10:00:00,$54.77
08-OCT-2021 09:00:00,$38.15
08-OCT-2021 08:00:00,$43.59
08-OCT-2021 07:00:00,$42.81
08-OCT-2021 06:00:00,$39.58
08-OCT-2021 05:00:00,$35.61
08-OCT-2021 04:00:00,$40.16
08-OCT-2021 03:00:00,$37.08
08-OCT-2021 02:00:00,$38.77
08-OCT-2021 01:00:00,$67.02
08-OCT-2021 00:00:00,$53.57
07-OCT-2021 23:00:00,$44.73
07-OCT-2021 22:00:00,$48.14
07-OCT-2021 21:00:00,$53.23
07-OCT-2021 20:00:00,$46.52
07-OCT-2021 19:00:00,$149.54
07-OCT-2021 18:00:00,$73.39
07-OCT-2021 17:00:00,$66.40
07-OCT-2021 16:00:00,$71.96
07-OCT-2021 15:00:00,$50.10
07-OCT-2021 14:00:00,$69.67
07-OCT-2021 13:00:00,$58.94
07-OCT-2021 12:00:00,$56.88
07-OCT-2021 11:00:00,$49.19
07-OCT-2021 10:00:00,$46.70
07-OCT-2021 09:00:00,$43.40
07-OCT-2021 08:00:00,$45.61
07-OCT-2021 07:00:00,$48.55
07-OCT-2021 06:00:00,$42.17
07-OCT-2021 05:00:00,$38.83
07-OCT-2021 04:00:00,$36.38
07-OCT-2021 03:00:00,$36.38
07-OCT-2021 02:00:00,$38.93
07-OCT-2021 01:00:00,$40.52
07-OCT-2021 00:00:00,$46.11
06-OCT-2021 23:00:00,$44.69
06-OCT-2021 22:00:00,$54.13
06-OCT-2021 21:00:00,$61.19
06-OCT-2021 20:00:00,$60.74
06-OCT-2021 19:00:00,$103.13
06-OCT-2021 18:00:00,$94.49
06-OCT-2021 17:00:00,$53.91
06-OCT-2021 16:00:00,$52.53
06-OCT-2021 15:00:00,$55.43
06-OCT-2021 14:00:00,$55.94
06-OCT-2021 13:00:00,$55.91
06-OCT-2021 12:00:00,$56.55
06-OCT-2021 11:00:00,$54.93
06-OCT-2021 10:00:00,$47.79
06-OCT-2021 09:00:00,$47.26
06-OCT-2021 08:00:00,$52.42
06-OCT-2021 07:00:00,$78.56
06-OCT-2021 06:00:00,$67.44
06-OCT-2021 05:00:00,$40.02
06-OCT-2021 04:00:00,$34.16
06-OCT-2021 03:00:00,$35.04
06-OCT-2021 02:00:00,$33.94
06-OCT-2021 01:00:00,$38.81
06-OCT-2021 00:00:00,$40.46
05-OCT-2021 23:00:00,$50.54
05-OCT-2021 22:00:00,$56.59
05-OCT-2021 21:00:00,$49.52
05-OCT-2021 20:00:00,$57.09
05-OCT-2021 19:00:00,$49.02
05-OCT-2021 18:00:00,$48.46
05-OCT-2021 17:00:00,$45.92
05-OCT-2021 16:00:00,$41.10
05-OCT-2021 15:00:00,$41.91
05-OCT-2021 14:00:00,$43.02
05-OCT-2021 13:00:00,$49.14
05-OCT-2021 12:00:00,$47.34
05-OCT-2021 11:00:00,$44.27
05-OCT-2021 10:00:00,$51.01
05-OCT-2021 09:00:00,$46.32
05-OCT-2021 08:00:00,$56.20
05-OCT-2021 07:00:00,$54.88
05-OCT-2021 06:00:00,$59.88
05-OCT-2021 05:00:00,$36.87
05-OCT-2021 04:00:00,$34.31
05-OCT-2021 03:00:00,$33.17
05-OCT-2021 02:00:00,$36.40
05-OCT-2021 01:00:00,$45.60
05-OCT-2021 00:00:00,$39.57
04-OCT-2021 23:00:00,$40.76
04-OCT-2021 22:00:00,$40.41
04-OCT-2021 21:00:00,$46.10
04-OCT-2021 20:00:00,$57.88
04-OCT-2021 19:00:00,$89.77
04-OCT-2021 18:00:00,$63.06
04-OCT-2021 17:00:00,$68.74
04-OCT-2021 16:00:00,$57.20
04-OCT-2021 15:00:00,$58.33
04-OCT-2021 14:00:00,$63.86
04-OCT-2021 13:00:00,$78.22
04-OCT-2021 12:00:00,$85.61
04-OCT-2021 11:00:00,$64.73
04-OCT-2021 10:00:00,$57.89
04-OCT-2021 09:00:00,$45.67
04-OCT-2021 08:00:00,$44.55
04-OCT-2021 07:00:00,$49.58
04-OCT-2021 06:00:00,$57.24
04-OCT-2021 05:00:00,$47.57
04-OCT-2021 04:00:00,$36.60
04-OCT-2021 03:00:00,$35.28
04-OCT-2021 02:00:00,$35.88
04-OCT-2021 01:00:00,$46.15
04-OCT-2021 00:00:00,$46.49
03-OCT-2021 23:00:00,$47.42
03-OCT-2021 22:00:00,$39.47
03-OCT-2021 21:00:00,$48.64
03-OCT-2021 20:00:00,$86.10
03-OCT-2021 19:00:00,$99.46
03-OCT-2021 18:00:00,$70.38
03-OCT-2021 17:00:00,$104.94
03-OCT-2021 16:00:00,$61.40
03-OCT-2021 15:00:00,$38.43
03-OCT-2021 14:00:00,$34.15
03-OCT-2021 13:00:00,$34.73
03-OCT-2021 12:00:00,$32.20
03-OCT-2021 11:00:00,$38.82
03-OCT-2021 10:00:00,$30.37
03-OCT-2021 09:00:00,$32.41
03-OCT-2021 08:00:00,$34.68
03-OCT-2021 07:00:00,$32.14
03-OCT-2021 06:00:00,$32.88
03-OCT-2021 05:00:00,$35.81
03-OCT-2021 04:00:00,$31.19
03-OCT-2021 03:00:00,$32.12
03-OCT-2021 02:00:00,$31.02
03-OCT-2021 01:00:00,$32.45
03-OCT-2021 00:00:00,$41.30
02-OCT-2021 23:00:00,$53.83
02-OCT-2021 22:00:00,$44.71
02-OCT-2021 21:00:00,$42.58
02-OCT-2021 20:00:00,$43.19
02-OCT-2021 19:00:00,$53.10
02-OCT-2021 18:00:00,$45.81
02-OCT-2021 17:00:00,$48.89
02-OCT-2021 16:00:00,$56.37
02-OCT-2021 15:00:00,$36.11
02-OCT-2021 14:00:00,$39.38
02-OCT-2021 13:00:00,$37.54
02-OCT-2021 12:00:00,$41.23
02-OCT-2021 11:00:00,$37.76
02-OCT-2021 10:00:00,$29.46
02-OCT-2021 09:00:00,$41.55
02-OCT-2021 08:00:00,$37.67
02-OCT-2021 07:00:00,$66.26
02-OCT-2021 06:00:00,$49.87
02-OCT-2021 05:00:00,$37.16
02-OCT-2021 04:00:00,$34.21
02-OCT-2021 03:00:00,$34.06
02-OCT-2021 02:00:00,$34.31
02-OCT-2021 01:00:00,$60.73
02-OCT-2021 00:00:00,$36.99
01-OCT-2021 23:00:00,$40.17
01-OCT-2021 22:00:00,$53.59
01-OCT-2021 21:00:00,$40.49
01-OCT-2021 20:00:00,$38.82
01-OCT-2021 19:00:00,$53.79
01-OCT-2021 18:00:00,$49.65
01-OCT-2021 17:00:00,$58.48
01-OCT-2021 16:00:00,$58.42
01-OCT-2021 15:00:00,$36.87
01-OCT-2021 14:00:00,$38.47
01-OCT-2021 13:00:00,$34.21
01-OCT-2021 12:00:00,$37.23
01-OCT-2021 11:00:00,$33.08
01-OCT-2021 10:00:00,$34.60
01-OCT-2021 09:00:00,$37.38
01-OCT-2021 08:00:00,$42.83
01-OCT-2021 07:00:00,$52.32
01-OCT-2021 06:00:00,$41.11
01-OCT-2021 05:00:00,$33.49
01-OCT-2021 04:00:00,$32.13
01-OCT-2021 03:00:00,$31.83
01-OCT-2021 02:00:00,$32.50
01-OCT-2021 01:00:00,$33.46
01-OCT-2021 00:00:00,$32.39
